{
  "samples": [
    {
      "id": 0,
      "name": "Money Laundering",
      "image": "assets/images/sample1.png",
      "category": "Rise to 360 conversion",
      "featured": "true",
      "description": "Conversion of Articulate Rise module to 360. Template and interactions creation.",
      "link": "https://cloud.scorm.com/sc/InvitationConfirmEmail?publicInvitationId=9e5b6e6b-0075-4f50-b8ec-a1bc22c8b837",
      "comments": [
        {
          "author": "John Smith",
          "comment": "Good Work",
          "rating": 4,
          "date": "2012-10-16T17:57:28.556094Z"
        },
        {
          "author": "Anna Dark",
          "comment": "Perfect",
          "rating": 5,
          "date": "2018-03-03T18:25:09.829Z"
        },
        {
          "author": "Alice Coper",
          "comment": "Too Simple",
          "rating": 2,
          "date": "2018-03-03T18:30:55.933Z"
        },
        {
          "author": "Natassa ReZum",
          "comment": "No comment",
          "rating": 1,
          "date": "2018-03-03T18:59:47.274Z"
        }
      ]
    },
    {
      "id": 1,
      "name": "Articulate Simple Game",
      "image": "assets/images/sample_2.png",
      "category": "Development of a Game in Articulate Storyline using JavaScript",
      "featured": "false",
      "description": "Combination of basic JavaScript with Articulate Storyline",
      "link": "http://tinyurl.com/y82n29mt",
      "comments": [
        {
          "author": "Yiannis Papadopoulos",
          "comment": "Nice",
          "rating": 2,
          "date": "2012-10-16T17:57:28.556094Z"
        },
        {
          "author": "Helen Zisi",
          "comment": "Perfect",
          "rating": 5,
          "date": "2018-03-03T18:25:09.829Z"
        },
        {
          "author": "Vasilis Palis",
          "comment": "Nice game",
          "rating": 2,
          "date": "2018-03-03T18:30:55.933Z"
        },
        {
          "author": "Aliki D.",
          "comment": "Too short",
          "rating": 1,
          "date": "2018-03-03T18:59:47.274Z"
        }
      ]
    },
    {
      "id": 2,
      "name": "Arithmetic operations",
      "image": "assets/images/sample3_ex.png",
      "category": "Introduction to excel using Articulate Storyline",
      "featured": "false",
      "description": "An introductory module to excel using simple interactions and video. ",
      "link": "https://cloud.scorm.com/sc/InvitationConfirmEmail?publicInvitationId=8db46ce8-6f9a-46f1-a191-950592fd3fd6",
      "comments": [
        {
          "author": "Zenovia A.",
          "comment": "Good Demo",
          "rating": 3,
          "date": "2012-10-16T17:57:28.556094Z"
        }
      ]
    },
    {
      "id": 3,
      "name": "Prevention",
      "image": "assets/images/sample4_prevention.png",
      "category": "Kids module",
      "featured": "false",
      "description": "A module created for elementary school children. The content was given in word document. ",
      "link": "https://cloud.scorm.com/sc/InvitationConfirmEmail?publicInvitationId=973e3639-366f-4eb5-b4a4-133d202b7ed1",
      "comments": [
        {
          "author": "Vasilis P.",
          "comment": "Good Work!",
          "rating": 5,
          "date": "2012-10-16T17:57:28.556094Z"
        }
      ]
    }
  ],
  "feedback": [
    {
      "firstname": "Ana",
      "lastname": "Smith",
      "message": "I love your work!",
      "id": 3
    },
    {
      "firstname": "hello",
      "lastname": "JSON",
      "message": "file",
      "id": 4
    },
    {
      "firstname": "Anastasia",
      "lastname": "Zoumpliou",
      "message": "",
      "id": 5
    }
  ]
}